--
-- PostgreSQL database dump
--

-- Dumped from database version 16.8 (Ubuntu 16.8-0ubuntu0.24.04.1)
-- Dumped by pg_dump version 16.8 (Ubuntu 16.8-0ubuntu0.24.04.1)

SET statement_timeout = 0;
SET lock_timeout = 0;
SET idle_in_transaction_session_timeout = 0;
SET client_encoding = 'UTF8';
SET standard_conforming_strings = on;
SELECT pg_catalog.set_config('search_path', '', false);
SET check_function_bodies = false;
SET xmloption = content;
SET client_min_messages = warning;
SET row_security = off;

SET default_tablespace = '';

SET default_table_access_method = heap;

--
-- Name: auth_group; Type: TABLE; Schema: public; Owner: admin2
--

CREATE TABLE public.auth_group (
    id integer NOT NULL,
    name character varying(150) NOT NULL
);


ALTER TABLE public.auth_group OWNER TO admin2;

--
-- Name: auth_group_id_seq; Type: SEQUENCE; Schema: public; Owner: admin2
--

ALTER TABLE public.auth_group ALTER COLUMN id ADD GENERATED BY DEFAULT AS IDENTITY (
    SEQUENCE NAME public.auth_group_id_seq
    START WITH 1
    INCREMENT BY 1
    NO MINVALUE
    NO MAXVALUE
    CACHE 1
);


--
-- Name: auth_group_permissions; Type: TABLE; Schema: public; Owner: admin2
--

CREATE TABLE public.auth_group_permissions (
    id bigint NOT NULL,
    group_id integer NOT NULL,
    permission_id integer NOT NULL
);


ALTER TABLE public.auth_group_permissions OWNER TO admin2;

--
-- Name: auth_group_permissions_id_seq; Type: SEQUENCE; Schema: public; Owner: admin2
--

ALTER TABLE public.auth_group_permissions ALTER COLUMN id ADD GENERATED BY DEFAULT AS IDENTITY (
    SEQUENCE NAME public.auth_group_permissions_id_seq
    START WITH 1
    INCREMENT BY 1
    NO MINVALUE
    NO MAXVALUE
    CACHE 1
);


--
-- Name: auth_permission; Type: TABLE; Schema: public; Owner: admin2
--

CREATE TABLE public.auth_permission (
    id integer NOT NULL,
    name character varying(255) NOT NULL,
    content_type_id integer NOT NULL,
    codename character varying(100) NOT NULL
);


ALTER TABLE public.auth_permission OWNER TO admin2;

--
-- Name: auth_permission_id_seq; Type: SEQUENCE; Schema: public; Owner: admin2
--

ALTER TABLE public.auth_permission ALTER COLUMN id ADD GENERATED BY DEFAULT AS IDENTITY (
    SEQUENCE NAME public.auth_permission_id_seq
    START WITH 1
    INCREMENT BY 1
    NO MINVALUE
    NO MAXVALUE
    CACHE 1
);


--
-- Name: auth_user; Type: TABLE; Schema: public; Owner: admin2
--

CREATE TABLE public.auth_user (
    id integer NOT NULL,
    password character varying(128) NOT NULL,
    last_login timestamp with time zone,
    is_superuser boolean NOT NULL,
    username character varying(150) NOT NULL,
    first_name character varying(150) NOT NULL,
    last_name character varying(150) NOT NULL,
    email character varying(254) NOT NULL,
    is_staff boolean NOT NULL,
    is_active boolean NOT NULL,
    date_joined timestamp with time zone NOT NULL
);


ALTER TABLE public.auth_user OWNER TO admin2;

--
-- Name: auth_user_groups; Type: TABLE; Schema: public; Owner: admin2
--

CREATE TABLE public.auth_user_groups (
    id bigint NOT NULL,
    user_id integer NOT NULL,
    group_id integer NOT NULL
);


ALTER TABLE public.auth_user_groups OWNER TO admin2;

--
-- Name: auth_user_groups_id_seq; Type: SEQUENCE; Schema: public; Owner: admin2
--

ALTER TABLE public.auth_user_groups ALTER COLUMN id ADD GENERATED BY DEFAULT AS IDENTITY (
    SEQUENCE NAME public.auth_user_groups_id_seq
    START WITH 1
    INCREMENT BY 1
    NO MINVALUE
    NO MAXVALUE
    CACHE 1
);


--
-- Name: auth_user_id_seq; Type: SEQUENCE; Schema: public; Owner: admin2
--

ALTER TABLE public.auth_user ALTER COLUMN id ADD GENERATED BY DEFAULT AS IDENTITY (
    SEQUENCE NAME public.auth_user_id_seq
    START WITH 1
    INCREMENT BY 1
    NO MINVALUE
    NO MAXVALUE
    CACHE 1
);


--
-- Name: auth_user_user_permissions; Type: TABLE; Schema: public; Owner: admin2
--

CREATE TABLE public.auth_user_user_permissions (
    id bigint NOT NULL,
    user_id integer NOT NULL,
    permission_id integer NOT NULL
);


ALTER TABLE public.auth_user_user_permissions OWNER TO admin2;

--
-- Name: auth_user_user_permissions_id_seq; Type: SEQUENCE; Schema: public; Owner: admin2
--

ALTER TABLE public.auth_user_user_permissions ALTER COLUMN id ADD GENERATED BY DEFAULT AS IDENTITY (
    SEQUENCE NAME public.auth_user_user_permissions_id_seq
    START WITH 1
    INCREMENT BY 1
    NO MINVALUE
    NO MAXVALUE
    CACHE 1
);


--
-- Name: authtoken_token; Type: TABLE; Schema: public; Owner: admin2
--

CREATE TABLE public.authtoken_token (
    key character varying(40) NOT NULL,
    created timestamp with time zone NOT NULL,
    user_id bigint NOT NULL
);


ALTER TABLE public.authtoken_token OWNER TO admin2;

--
-- Name: django_admin_log; Type: TABLE; Schema: public; Owner: admin2
--

CREATE TABLE public.django_admin_log (
    id integer NOT NULL,
    action_time timestamp with time zone NOT NULL,
    object_id text,
    object_repr character varying(200) NOT NULL,
    action_flag smallint NOT NULL,
    change_message text NOT NULL,
    content_type_id integer,
    user_id bigint NOT NULL,
    CONSTRAINT django_admin_log_action_flag_check CHECK ((action_flag >= 0))
);


ALTER TABLE public.django_admin_log OWNER TO admin2;

--
-- Name: django_admin_log_id_seq; Type: SEQUENCE; Schema: public; Owner: admin2
--

ALTER TABLE public.django_admin_log ALTER COLUMN id ADD GENERATED BY DEFAULT AS IDENTITY (
    SEQUENCE NAME public.django_admin_log_id_seq
    START WITH 1
    INCREMENT BY 1
    NO MINVALUE
    NO MAXVALUE
    CACHE 1
);


--
-- Name: django_content_type; Type: TABLE; Schema: public; Owner: admin2
--

CREATE TABLE public.django_content_type (
    id integer NOT NULL,
    app_label character varying(100) NOT NULL,
    model character varying(100) NOT NULL
);


ALTER TABLE public.django_content_type OWNER TO admin2;

--
-- Name: django_content_type_id_seq; Type: SEQUENCE; Schema: public; Owner: admin2
--

ALTER TABLE public.django_content_type ALTER COLUMN id ADD GENERATED BY DEFAULT AS IDENTITY (
    SEQUENCE NAME public.django_content_type_id_seq
    START WITH 1
    INCREMENT BY 1
    NO MINVALUE
    NO MAXVALUE
    CACHE 1
);


--
-- Name: django_migrations; Type: TABLE; Schema: public; Owner: admin2
--

CREATE TABLE public.django_migrations (
    id bigint NOT NULL,
    app character varying(255) NOT NULL,
    name character varying(255) NOT NULL,
    applied timestamp with time zone NOT NULL
);


ALTER TABLE public.django_migrations OWNER TO admin2;

--
-- Name: django_migrations_id_seq; Type: SEQUENCE; Schema: public; Owner: admin2
--

ALTER TABLE public.django_migrations ALTER COLUMN id ADD GENERATED BY DEFAULT AS IDENTITY (
    SEQUENCE NAME public.django_migrations_id_seq
    START WITH 1
    INCREMENT BY 1
    NO MINVALUE
    NO MAXVALUE
    CACHE 1
);


--
-- Name: django_session; Type: TABLE; Schema: public; Owner: admin2
--

CREATE TABLE public.django_session (
    session_key character varying(40) NOT NULL,
    session_data text NOT NULL,
    expire_date timestamp with time zone NOT NULL
);


ALTER TABLE public.django_session OWNER TO admin2;

--
-- Name: notifications_notification; Type: TABLE; Schema: public; Owner: admin2
--

CREATE TABLE public.notifications_notification (
    id bigint NOT NULL,
    message text NOT NULL,
    is_read boolean NOT NULL,
    created_at timestamp with time zone NOT NULL,
    user_id bigint NOT NULL
);


ALTER TABLE public.notifications_notification OWNER TO admin2;

--
-- Name: notifications_notification_id_seq; Type: SEQUENCE; Schema: public; Owner: admin2
--

ALTER TABLE public.notifications_notification ALTER COLUMN id ADD GENERATED BY DEFAULT AS IDENTITY (
    SEQUENCE NAME public.notifications_notification_id_seq
    START WITH 1
    INCREMENT BY 1
    NO MINVALUE
    NO MAXVALUE
    CACHE 1
);


--
-- Name: orders_order; Type: TABLE; Schema: public; Owner: admin2
--

CREATE TABLE public.orders_order (
    id bigint NOT NULL,
    total_price numeric(10,2) NOT NULL,
    status character varying(20) NOT NULL,
    created_at timestamp with time zone NOT NULL,
    customer_id bigint NOT NULL
);


ALTER TABLE public.orders_order OWNER TO admin2;

--
-- Name: orders_order_id_seq; Type: SEQUENCE; Schema: public; Owner: admin2
--

ALTER TABLE public.orders_order ALTER COLUMN id ADD GENERATED BY DEFAULT AS IDENTITY (
    SEQUENCE NAME public.orders_order_id_seq
    START WITH 1
    INCREMENT BY 1
    NO MINVALUE
    NO MAXVALUE
    CACHE 1
);


--
-- Name: orders_orderitem; Type: TABLE; Schema: public; Owner: admin2
--

CREATE TABLE public.orders_orderitem (
    id bigint NOT NULL,
    quantity integer NOT NULL,
    price numeric(10,2) NOT NULL,
    order_id bigint NOT NULL,
    product_id bigint NOT NULL,
    CONSTRAINT orders_orderitem_quantity_check CHECK ((quantity >= 0))
);


ALTER TABLE public.orders_orderitem OWNER TO admin2;

--
-- Name: orders_orderitem_id_seq; Type: SEQUENCE; Schema: public; Owner: admin2
--

ALTER TABLE public.orders_orderitem ALTER COLUMN id ADD GENERATED BY DEFAULT AS IDENTITY (
    SEQUENCE NAME public.orders_orderitem_id_seq
    START WITH 1
    INCREMENT BY 1
    NO MINVALUE
    NO MAXVALUE
    CACHE 1
);


--
-- Name: orders_payment; Type: TABLE; Schema: public; Owner: admin2
--

CREATE TABLE public.orders_payment (
    id bigint NOT NULL,
    transaction_id character varying(255) NOT NULL,
    amount numeric(10,2) NOT NULL,
    "timestamp" timestamp with time zone NOT NULL,
    status character varying(20) NOT NULL,
    order_id bigint NOT NULL
);


ALTER TABLE public.orders_payment OWNER TO admin2;

--
-- Name: orders_payment_id_seq; Type: SEQUENCE; Schema: public; Owner: admin2
--

ALTER TABLE public.orders_payment ALTER COLUMN id ADD GENERATED BY DEFAULT AS IDENTITY (
    SEQUENCE NAME public.orders_payment_id_seq
    START WITH 1
    INCREMENT BY 1
    NO MINVALUE
    NO MAXVALUE
    CACHE 1
);


--
-- Name: products_product; Type: TABLE; Schema: public; Owner: admin2
--

CREATE TABLE public.products_product (
    id bigint NOT NULL,
    name character varying(255) NOT NULL,
    description text NOT NULL,
    price numeric(10,2) NOT NULL,
    stock integer NOT NULL,
    image character varying(100),
    created_at timestamp with time zone NOT NULL,
    artist_id bigint NOT NULL,
    is_active boolean NOT NULL,
    CONSTRAINT products_product_stock_check CHECK ((stock >= 0))
);


ALTER TABLE public.products_product OWNER TO admin2;

--
-- Name: products_product_id_seq; Type: SEQUENCE; Schema: public; Owner: admin2
--

ALTER TABLE public.products_product ALTER COLUMN id ADD GENERATED BY DEFAULT AS IDENTITY (
    SEQUENCE NAME public.products_product_id_seq
    START WITH 1
    INCREMENT BY 1
    NO MINVALUE
    NO MAXVALUE
    CACHE 1
);


--
-- Name: users_user; Type: TABLE; Schema: public; Owner: admin2
--

CREATE TABLE public.users_user (
    id bigint NOT NULL,
    password character varying(128) NOT NULL,
    last_login timestamp with time zone,
    is_superuser boolean NOT NULL,
    username character varying(150) NOT NULL,
    first_name character varying(150) NOT NULL,
    last_name character varying(150) NOT NULL,
    email character varying(254) NOT NULL,
    is_staff boolean NOT NULL,
    is_active boolean NOT NULL,
    date_joined timestamp with time zone NOT NULL,
    role character varying(20) NOT NULL,
    phone_number character varying(15),
    address text,
    profile_picture character varying(100)
);


ALTER TABLE public.users_user OWNER TO admin2;

--
-- Name: users_user_groups; Type: TABLE; Schema: public; Owner: admin2
--

CREATE TABLE public.users_user_groups (
    id bigint NOT NULL,
    user_id bigint NOT NULL,
    group_id integer NOT NULL
);


ALTER TABLE public.users_user_groups OWNER TO admin2;

--
-- Name: users_user_groups_id_seq; Type: SEQUENCE; Schema: public; Owner: admin2
--

ALTER TABLE public.users_user_groups ALTER COLUMN id ADD GENERATED BY DEFAULT AS IDENTITY (
    SEQUENCE NAME public.users_user_groups_id_seq
    START WITH 1
    INCREMENT BY 1
    NO MINVALUE
    NO MAXVALUE
    CACHE 1
);


--
-- Name: users_user_id_seq; Type: SEQUENCE; Schema: public; Owner: admin2
--

ALTER TABLE public.users_user ALTER COLUMN id ADD GENERATED BY DEFAULT AS IDENTITY (
    SEQUENCE NAME public.users_user_id_seq
    START WITH 1
    INCREMENT BY 1
    NO MINVALUE
    NO MAXVALUE
    CACHE 1
);


--
-- Name: users_user_user_permissions; Type: TABLE; Schema: public; Owner: admin2
--

CREATE TABLE public.users_user_user_permissions (
    id bigint NOT NULL,
    user_id bigint NOT NULL,
    permission_id integer NOT NULL
);


ALTER TABLE public.users_user_user_permissions OWNER TO admin2;

--
-- Name: users_user_user_permissions_id_seq; Type: SEQUENCE; Schema: public; Owner: admin2
--

ALTER TABLE public.users_user_user_permissions ALTER COLUMN id ADD GENERATED BY DEFAULT AS IDENTITY (
    SEQUENCE NAME public.users_user_user_permissions_id_seq
    START WITH 1
    INCREMENT BY 1
    NO MINVALUE
    NO MAXVALUE
    CACHE 1
);


--
-- Data for Name: auth_group; Type: TABLE DATA; Schema: public; Owner: admin2
--

COPY public.auth_group (id, name) FROM stdin;
\.


--
-- Data for Name: auth_group_permissions; Type: TABLE DATA; Schema: public; Owner: admin2
--

COPY public.auth_group_permissions (id, group_id, permission_id) FROM stdin;
\.


--
-- Data for Name: auth_permission; Type: TABLE DATA; Schema: public; Owner: admin2
--

COPY public.auth_permission (id, name, content_type_id, codename) FROM stdin;
1	Can add log entry	1	add_logentry
2	Can change log entry	1	change_logentry
3	Can delete log entry	1	delete_logentry
4	Can view log entry	1	view_logentry
5	Can add permission	2	add_permission
6	Can change permission	2	change_permission
7	Can delete permission	2	delete_permission
8	Can view permission	2	view_permission
9	Can add group	3	add_group
10	Can change group	3	change_group
11	Can delete group	3	delete_group
12	Can view group	3	view_group
13	Can add user	4	add_user
14	Can change user	4	change_user
15	Can delete user	4	delete_user
16	Can view user	4	view_user
17	Can add content type	5	add_contenttype
18	Can change content type	5	change_contenttype
19	Can delete content type	5	delete_contenttype
20	Can view content type	5	view_contenttype
21	Can add session	6	add_session
22	Can change session	6	change_session
23	Can delete session	6	delete_session
24	Can view session	6	view_session
25	Can add user	7	add_user
26	Can change user	7	change_user
27	Can delete user	7	delete_user
28	Can view user	7	view_user
29	Can add notification	8	add_notification
30	Can change notification	8	change_notification
31	Can delete notification	8	delete_notification
32	Can view notification	8	view_notification
33	Can add product	9	add_product
34	Can change product	9	change_product
35	Can delete product	9	delete_product
36	Can view product	9	view_product
37	Can add order	10	add_order
38	Can change order	10	change_order
39	Can delete order	10	delete_order
40	Can view order	10	view_order
41	Can add order item	11	add_orderitem
42	Can change order item	11	change_orderitem
43	Can delete order item	11	delete_orderitem
44	Can view order item	11	view_orderitem
45	Can add payment	12	add_payment
46	Can change payment	12	change_payment
47	Can delete payment	12	delete_payment
48	Can view payment	12	view_payment
49	Can add Token	14	add_token
50	Can change Token	14	change_token
51	Can delete Token	14	delete_token
52	Can view Token	14	view_token
53	Can add Token	13	add_tokenproxy
54	Can change Token	13	change_tokenproxy
55	Can delete Token	13	delete_tokenproxy
56	Can view Token	13	view_tokenproxy
\.


--
-- Data for Name: auth_user; Type: TABLE DATA; Schema: public; Owner: admin2
--

COPY public.auth_user (id, password, last_login, is_superuser, username, first_name, last_name, email, is_staff, is_active, date_joined) FROM stdin;
1	pbkdf2_sha256$870000$u1yJO8I7eo9OAmy9sRzxdh$ssXStrnIuHAM0+hSFIHdWQNAEshcRVHlfKxcZjqhTno=	\N	t	2992			erdeysyoum@gmail.com	t	t	2025-03-12 10:58:55.405215+03
\.


--
-- Data for Name: auth_user_groups; Type: TABLE DATA; Schema: public; Owner: admin2
--

COPY public.auth_user_groups (id, user_id, group_id) FROM stdin;
\.


--
-- Data for Name: auth_user_user_permissions; Type: TABLE DATA; Schema: public; Owner: admin2
--

COPY public.auth_user_user_permissions (id, user_id, permission_id) FROM stdin;
\.


--
-- Data for Name: authtoken_token; Type: TABLE DATA; Schema: public; Owner: admin2
--

COPY public.authtoken_token (key, created, user_id) FROM stdin;
61c6b9436546ed546d00bcd636589a49594f4abf	2025-03-13 06:28:42.417009+03	2
8642cde92bbef9c282dec8241af175d3e4f33e65	2025-03-13 10:11:21.005615+03	1
\.


--
-- Data for Name: django_admin_log; Type: TABLE DATA; Schema: public; Owner: admin2
--

COPY public.django_admin_log (id, action_time, object_id, object_repr, action_flag, change_message, content_type_id, user_id) FROM stdin;
1	2025-03-13 05:55:57.594256+03	2	artist1	1	[{"added": {}}]	7	1
2	2025-03-13 05:57:56.721557+03	3	customer1	1	[{"added": {}}]	7	1
3	2025-03-13 06:07:35.568319+03	4	artist2	1	[{"added": {}}]	7	1
4	2025-03-13 06:28:42.417457+03	2	61c6b9436546ed546d00bcd636589a49594f4abf	1	[{"added": {}}]	13	1
5	2025-03-13 06:50:26.05108+03	1	Colorful Injera Basket (Mesob)	1	[{"added": {}}]	9	1
6	2025-03-13 06:52:03.423235+03	2	Genuine Leather Wallet	1	[{"added": {}}]	9	1
7	2025-03-13 07:37:38.947347+03	1	Order 1 - customer1	1	[{"added": {}}]	10	1
8	2025-03-13 07:38:37.159181+03	1	1 x Colorful Injera Basket (Mesob) in Order 1	1	[{"added": {}}]	11	1
9	2025-03-13 10:11:21.007008+03	1	8642cde92bbef9c282dec8241af175d3e4f33e65	1	[{"added": {}}]	13	1
\.


--
-- Data for Name: django_content_type; Type: TABLE DATA; Schema: public; Owner: admin2
--

COPY public.django_content_type (id, app_label, model) FROM stdin;
1	admin	logentry
2	auth	permission
3	auth	group
4	auth	user
5	contenttypes	contenttype
6	sessions	session
7	users	user
8	notifications	notification
9	products	product
10	orders	order
11	orders	orderitem
12	orders	payment
13	authtoken	tokenproxy
14	authtoken	token
\.


--
-- Data for Name: django_migrations; Type: TABLE DATA; Schema: public; Owner: admin2
--

COPY public.django_migrations (id, app, name, applied) FROM stdin;
1	contenttypes	0001_initial	2025-03-12 10:40:31.977506+03
2	auth	0001_initial	2025-03-12 10:40:32.032681+03
4	admin	0002_logentry_remove_auto_add	2025-03-12 10:40:32.053966+03
5	admin	0003_logentry_add_action_flag_choices	2025-03-12 10:40:32.057915+03
6	contenttypes	0002_remove_content_type_name	2025-03-12 10:40:32.065823+03
7	auth	0002_alter_permission_name_max_length	2025-03-12 10:40:32.069834+03
8	auth	0003_alter_user_email_max_length	2025-03-12 10:40:32.073945+03
9	auth	0004_alter_user_username_opts	2025-03-12 10:40:32.077368+03
10	auth	0005_alter_user_last_login_null	2025-03-12 10:40:32.081586+03
11	auth	0006_require_contenttypes_0002	2025-03-12 10:40:32.082612+03
12	auth	0007_alter_validators_add_error_messages	2025-03-12 10:40:32.086162+03
13	auth	0008_alter_user_username_max_length	2025-03-12 10:40:32.09563+03
14	auth	0009_alter_user_last_name_max_length	2025-03-12 10:40:32.100809+03
15	auth	0010_alter_group_name_max_length	2025-03-12 10:40:32.105439+03
16	auth	0011_update_proxy_permissions	2025-03-12 10:40:32.110034+03
17	auth	0012_alter_user_first_name_max_length	2025-03-12 10:40:32.11438+03
18	sessions	0001_initial	2025-03-12 10:40:32.1247+03
19	notifications	0001_initial	2025-03-13 05:32:26.579276+03
20	users	0001_initial	2025-03-13 05:42:58.193181+03
21	admin	0001_initial	2025-03-13 05:44:49.110999+03
22	admin	0002_initial	2025-03-13 05:44:49.121699+03
23	notifications	0002_initial	2025-03-13 05:44:49.132649+03
24	products	0001_initial	2025-03-13 05:44:49.140249+03
25	orders	0001_initial	2025-03-13 05:44:49.160933+03
26	orders	0002_initial	2025-03-13 05:44:49.218463+03
27	products	0002_initial	2025-03-13 05:44:49.235475+03
28	authtoken	0001_initial	2025-03-13 06:28:06.947709+03
29	authtoken	0002_auto_20160226_1747	2025-03-13 06:28:06.966571+03
30	authtoken	0003_tokenproxy	2025-03-13 06:28:06.968661+03
31	authtoken	0004_alter_tokenproxy_options	2025-03-13 06:28:06.971039+03
32	products	0003_product_is_active_alter_product_artist	2025-03-13 10:32:57.925407+03
33	products	0004_alter_product_name_alter_product_price	2025-03-13 10:56:27.197468+03
\.


--
-- Data for Name: django_session; Type: TABLE DATA; Schema: public; Owner: admin2
--

COPY public.django_session (session_key, session_data, expire_date) FROM stdin;
iokaolej3r6ezbeml0f1iw1gk5z8goge	.eJxVjMsOwiAUBf-FtSFQbAGX7vsN5HIfUjU0Ke3K-O_apAvdnpk5L5VgW0vaGi9pInVRVp1-twz44LoDukO9zRrnui5T1ruiD9r0OBM_r4f7d1CglW_tbSdgiFFkIMM-B4z2jMaB9ZCZwA8CIMaF3hFwcF6w5w4Io4nGRvX-ABlRORY:1tsYfG:hfnBxbKIRsweQn2TIS0Jym2e373j5B_Klz17Dz1bNQs	2025-03-27 05:51:18.677156+03
pmcrtlen91g9ftxhvfn4dxb0bkjdooz7	.eJxVjMsOwiAUBf-FtSFQbAGX7vsN5HIfUjU0Ke3K-O_apAvdnpk5L5VgW0vaGi9pInVRVp1-twz44LoDukO9zRrnui5T1ruiD9r0OBM_r4f7d1CglW_tbSdgiFFkIMM-B4z2jMaB9ZCZwA8CIMaF3hFwcF6w5w4Io4nGRvX-ABlRORY:1tt5RH:5AKDTGnLot2fys8PXE7KEcJt_yarLhXdiQwfFR9hATg	2025-03-28 16:51:03.54112+03
\.


--
-- Data for Name: notifications_notification; Type: TABLE DATA; Schema: public; Owner: admin2
--

COPY public.notifications_notification (id, message, is_read, created_at, user_id) FROM stdin;
\.


--
-- Data for Name: orders_order; Type: TABLE DATA; Schema: public; Owner: admin2
--

COPY public.orders_order (id, total_price, status, created_at, customer_id) FROM stdin;
1	0.00	pending	2025-03-13 07:37:38.946589+03	3
\.


--
-- Data for Name: orders_orderitem; Type: TABLE DATA; Schema: public; Owner: admin2
--

COPY public.orders_orderitem (id, quantity, price, order_id, product_id) FROM stdin;
1	1	2500.00	1	1
\.


--
-- Data for Name: orders_payment; Type: TABLE DATA; Schema: public; Owner: admin2
--

COPY public.orders_payment (id, transaction_id, amount, "timestamp", status, order_id) FROM stdin;
\.


--
-- Data for Name: products_product; Type: TABLE DATA; Schema: public; Owner: admin2
--

COPY public.products_product (id, name, description, price, stock, image, created_at, artist_id, is_active) FROM stdin;
1	Colorful Injera Basket (Mesob)	A beautifully handwoven Mesob, perfect for storing injera or decorating your home.	2500.00	20	product_images/guess.jpg	2025-03-13 06:50:26.049251+03	2	t
2	Genuine Leather Wallet	A stylish and durable leather wallet with multiple compartments.	4560.00	29	product_images/photo_2024-10-04_14-58-40.jpg	2025-03-13 06:52:03.422523+03	4	t
\.


--
-- Data for Name: users_user; Type: TABLE DATA; Schema: public; Owner: admin2
--

COPY public.users_user (id, password, last_login, is_superuser, username, first_name, last_name, email, is_staff, is_active, date_joined, role, phone_number, address, profile_picture) FROM stdin;
2	Artist1@1234	2025-03-13 05:55:25+03	f	artist1	artist1	berhe	artist1@gmail.com	f	t	2025-03-13 05:51:40+03	artist	0913456543	Addis Ababa	
3	Customer1@1234	2025-03-13 05:56:40+03	f	customer1	customer1	kebede	customer1@gmail.com	f	t	2025-03-13 05:56:18+03	customer	0913805096	Mekelle	profile_pics/448790742_783643617208280_5857754527678571370_n.jpg
4	Artist2@1234	2025-03-13 06:06:18+03	f	artist2	artist2	mehari	artist2@gmail.com	f	t	2025-03-13 06:05:54+03	artist	09876543	Adama	profile_pics/photo_2024-10-04_14-58-40.jpg
5	pbkdf2_sha256$870000$5itgxEeFYlGUjILSRwWR0m$/oeEL8TBEwjNUXr/8QLCYHqGfP0NOYyBGqaS8q2Q4L8=	\N	f	abebe			abebe@gmail.com	f	t	2025-03-14 16:48:12.788616+03	customer	\N	\N	
1	pbkdf2_sha256$870000$Pitt03rc1OWY9Vz2dTm1lm$XhURIABinzMHtr8hOmcm7J7DLzGx0jEScBcvR8nJiJU=	2025-03-14 16:51:03.538404+03	t	admin			admin@gmail.com	t	t	2025-03-13 05:51:03.277109+03	customer	\N	\N	
6	pbkdf2_sha256$870000$0nExTCxejY1DSLkmCnfV7b$PJHX8BCQjpv1flTqn66s3dhqm18CoSnyio6dBCwbKlw=	\N	f	Tsedenya			tsedenya@gmail.com	f	t	2025-03-14 17:00:01.872729+03	customer	\N	\N	
7	pbkdf2_sha256$870000$IN8aYUz0w8DjJXHKrftwWT$jidw4Cqs4+KRxTY4HXXXZnAGGOZH+qdjS5Gt0LAwDLs=	\N	f	beza			beza@gmail.com	f	t	2025-03-14 17:02:04.501275+03	customer	\N	\N	
8	pbkdf2_sha256$870000$RRksSHgA3Eyo4mIVskpBAq$0TSVHR6JXGsKFJDP05oem6LUky9Ma/Crf45EDUWIzYg=	\N	f	meseret			meseret@gmail.com	f	t	2025-03-15 11:01:33.801342+03	customer	\N	\N	
9	pbkdf2_sha256$870000$EfxwZWNK3h0BQ8qTiDldJ7$hwpjtFNSZIP1SRjV4mX44vHjQUGER/ZZnRKWyCvpnJk=	\N	f	test			test@gmail.com	f	t	2025-03-15 11:26:01.421659+03	customer	\N	\N	
10	pbkdf2_sha256$870000$QiNwXRrBzNZsj7syEG0xHL$Iy/DYjUBuVcsyKwAUAix6DEmNtdu3UoLDqu+U1I7SA8=	\N	f	test2			test2@gmail.com	f	t	2025-03-15 11:28:54.51888+03	customer	\N	\N	
11	pbkdf2_sha256$870000$SuSbOAD13giPt6zGSgYuLF$3mdY4OaajAokQ+gPrIE+kifybocEBNJ8Dmg5H2m7h10=	\N	f	test3			test3@gmail.com	f	t	2025-03-15 11:30:13.189372+03	customer	\N	\N	
12	pbkdf2_sha256$870000$5BZlv52rHHCKHoUMyLug0S$3jP6kQAj2lVyTWlLxJCw6gNF6QcsQqj3lxDUq5ywrgY=	\N	f	db			db@gmail.com	f	t	2025-03-15 11:33:44.826552+03	customer	\N	\N	
13	pbkdf2_sha256$870000$HUQWBZlnYC7n4j4ZkAx3S1$xFc6QM+0CaVEqxTXrW+bc2pG0lfa/kiHLMO5GPbMXa8=	\N	f	bb			bb@gmail.com	f	t	2025-03-15 11:35:29.579198+03	customer	\N	\N	
14	pbkdf2_sha256$870000$vaF9tl3C6TeRFFthYCOWI6$ApkFpefxv6dSvmAJr0m3kV6B+H2ksfGl5b8L6JGhRQY=	\N	f	cc			cc@gmail.com	f	t	2025-03-15 11:37:09.506526+03	customer	\N	\N	
15	pbkdf2_sha256$870000$mjRLldPPMIKshpe41z4EYv$3lXKzsQkjOefExNyRAPoUz0/C1IifKpjWoaKh7k3eyA=	\N	f	ce			ce@gmail.com	f	t	2025-03-15 11:39:20.812111+03	customer	\N	\N	
16	pbkdf2_sha256$870000$kzYerfjI3VJjvnQn0fSA2Z$Q8SdtQd9czwEviN6rybs6pjDELjrVNUwV5h5mg9FAhs=	\N	f	dddd			dddd@gmail.com	f	t	2025-03-15 11:48:22.441629+03	customer	\N	\N	
17	pbkdf2_sha256$870000$TfsEVSa3FF4cBxpO4WQL8C$SRwHocgybicp3XU+djbXpGg6raabqXulcNoHQ0F4Mzc=	\N	f	aa			aa@gmail.com	f	t	2025-03-15 12:13:32.413267+03	customer	\N	\N	
\.


--
-- Data for Name: users_user_groups; Type: TABLE DATA; Schema: public; Owner: admin2
--

COPY public.users_user_groups (id, user_id, group_id) FROM stdin;
\.


--
-- Data for Name: users_user_user_permissions; Type: TABLE DATA; Schema: public; Owner: admin2
--

COPY public.users_user_user_permissions (id, user_id, permission_id) FROM stdin;
\.


--
-- Name: auth_group_id_seq; Type: SEQUENCE SET; Schema: public; Owner: admin2
--

SELECT pg_catalog.setval('public.auth_group_id_seq', 1, false);


--
-- Name: auth_group_permissions_id_seq; Type: SEQUENCE SET; Schema: public; Owner: admin2
--

SELECT pg_catalog.setval('public.auth_group_permissions_id_seq', 1, false);


--
-- Name: auth_permission_id_seq; Type: SEQUENCE SET; Schema: public; Owner: admin2
--

SELECT pg_catalog.setval('public.auth_permission_id_seq', 56, true);


--
-- Name: auth_user_groups_id_seq; Type: SEQUENCE SET; Schema: public; Owner: admin2
--

SELECT pg_catalog.setval('public.auth_user_groups_id_seq', 1, false);


--
-- Name: auth_user_id_seq; Type: SEQUENCE SET; Schema: public; Owner: admin2
--

SELECT pg_catalog.setval('public.auth_user_id_seq', 1, true);


--
-- Name: auth_user_user_permissions_id_seq; Type: SEQUENCE SET; Schema: public; Owner: admin2
--

SELECT pg_catalog.setval('public.auth_user_user_permissions_id_seq', 1, false);


--
-- Name: django_admin_log_id_seq; Type: SEQUENCE SET; Schema: public; Owner: admin2
--

SELECT pg_catalog.setval('public.django_admin_log_id_seq', 9, true);


--
-- Name: django_content_type_id_seq; Type: SEQUENCE SET; Schema: public; Owner: admin2
--

SELECT pg_catalog.setval('public.django_content_type_id_seq', 14, true);


--
-- Name: django_migrations_id_seq; Type: SEQUENCE SET; Schema: public; Owner: admin2
--

SELECT pg_catalog.setval('public.django_migrations_id_seq', 33, true);


--
-- Name: notifications_notification_id_seq; Type: SEQUENCE SET; Schema: public; Owner: admin2
--

SELECT pg_catalog.setval('public.notifications_notification_id_seq', 1, false);


--
-- Name: orders_order_id_seq; Type: SEQUENCE SET; Schema: public; Owner: admin2
--

SELECT pg_catalog.setval('public.orders_order_id_seq', 1, true);


--
-- Name: orders_orderitem_id_seq; Type: SEQUENCE SET; Schema: public; Owner: admin2
--

SELECT pg_catalog.setval('public.orders_orderitem_id_seq', 1, true);


--
-- Name: orders_payment_id_seq; Type: SEQUENCE SET; Schema: public; Owner: admin2
--

SELECT pg_catalog.setval('public.orders_payment_id_seq', 1, false);


--
-- Name: products_product_id_seq; Type: SEQUENCE SET; Schema: public; Owner: admin2
--

SELECT pg_catalog.setval('public.products_product_id_seq', 2, true);


--
-- Name: users_user_groups_id_seq; Type: SEQUENCE SET; Schema: public; Owner: admin2
--

SELECT pg_catalog.setval('public.users_user_groups_id_seq', 1, false);


--
-- Name: users_user_id_seq; Type: SEQUENCE SET; Schema: public; Owner: admin2
--

SELECT pg_catalog.setval('public.users_user_id_seq', 17, true);


--
-- Name: users_user_user_permissions_id_seq; Type: SEQUENCE SET; Schema: public; Owner: admin2
--

SELECT pg_catalog.setval('public.users_user_user_permissions_id_seq', 1, false);


--
-- Name: auth_group auth_group_name_key; Type: CONSTRAINT; Schema: public; Owner: admin2
--

ALTER TABLE ONLY public.auth_group
    ADD CONSTRAINT auth_group_name_key UNIQUE (name);


--
-- Name: auth_group_permissions auth_group_permissions_group_id_permission_id_0cd325b0_uniq; Type: CONSTRAINT; Schema: public; Owner: admin2
--

ALTER TABLE ONLY public.auth_group_permissions
    ADD CONSTRAINT auth_group_permissions_group_id_permission_id_0cd325b0_uniq UNIQUE (group_id, permission_id);


--
-- Name: auth_group_permissions auth_group_permissions_pkey; Type: CONSTRAINT; Schema: public; Owner: admin2
--

ALTER TABLE ONLY public.auth_group_permissions
    ADD CONSTRAINT auth_group_permissions_pkey PRIMARY KEY (id);


--
-- Name: auth_group auth_group_pkey; Type: CONSTRAINT; Schema: public; Owner: admin2
--

ALTER TABLE ONLY public.auth_group
    ADD CONSTRAINT auth_group_pkey PRIMARY KEY (id);


--
-- Name: auth_permission auth_permission_content_type_id_codename_01ab375a_uniq; Type: CONSTRAINT; Schema: public; Owner: admin2
--

ALTER TABLE ONLY public.auth_permission
    ADD CONSTRAINT auth_permission_content_type_id_codename_01ab375a_uniq UNIQUE (content_type_id, codename);


--
-- Name: auth_permission auth_permission_pkey; Type: CONSTRAINT; Schema: public; Owner: admin2
--

ALTER TABLE ONLY public.auth_permission
    ADD CONSTRAINT auth_permission_pkey PRIMARY KEY (id);


--
-- Name: auth_user_groups auth_user_groups_pkey; Type: CONSTRAINT; Schema: public; Owner: admin2
--

ALTER TABLE ONLY public.auth_user_groups
    ADD CONSTRAINT auth_user_groups_pkey PRIMARY KEY (id);


--
-- Name: auth_user_groups auth_user_groups_user_id_group_id_94350c0c_uniq; Type: CONSTRAINT; Schema: public; Owner: admin2
--

ALTER TABLE ONLY public.auth_user_groups
    ADD CONSTRAINT auth_user_groups_user_id_group_id_94350c0c_uniq UNIQUE (user_id, group_id);


--
-- Name: auth_user auth_user_pkey; Type: CONSTRAINT; Schema: public; Owner: admin2
--

ALTER TABLE ONLY public.auth_user
    ADD CONSTRAINT auth_user_pkey PRIMARY KEY (id);


--
-- Name: auth_user_user_permissions auth_user_user_permissions_pkey; Type: CONSTRAINT; Schema: public; Owner: admin2
--

ALTER TABLE ONLY public.auth_user_user_permissions
    ADD CONSTRAINT auth_user_user_permissions_pkey PRIMARY KEY (id);


--
-- Name: auth_user_user_permissions auth_user_user_permissions_user_id_permission_id_14a6b632_uniq; Type: CONSTRAINT; Schema: public; Owner: admin2
--

ALTER TABLE ONLY public.auth_user_user_permissions
    ADD CONSTRAINT auth_user_user_permissions_user_id_permission_id_14a6b632_uniq UNIQUE (user_id, permission_id);


--
-- Name: auth_user auth_user_username_key; Type: CONSTRAINT; Schema: public; Owner: admin2
--

ALTER TABLE ONLY public.auth_user
    ADD CONSTRAINT auth_user_username_key UNIQUE (username);


--
-- Name: authtoken_token authtoken_token_pkey; Type: CONSTRAINT; Schema: public; Owner: admin2
--

ALTER TABLE ONLY public.authtoken_token
    ADD CONSTRAINT authtoken_token_pkey PRIMARY KEY (key);


--
-- Name: authtoken_token authtoken_token_user_id_key; Type: CONSTRAINT; Schema: public; Owner: admin2
--

ALTER TABLE ONLY public.authtoken_token
    ADD CONSTRAINT authtoken_token_user_id_key UNIQUE (user_id);


--
-- Name: django_admin_log django_admin_log_pkey; Type: CONSTRAINT; Schema: public; Owner: admin2
--

ALTER TABLE ONLY public.django_admin_log
    ADD CONSTRAINT django_admin_log_pkey PRIMARY KEY (id);


--
-- Name: django_content_type django_content_type_app_label_model_76bd3d3b_uniq; Type: CONSTRAINT; Schema: public; Owner: admin2
--

ALTER TABLE ONLY public.django_content_type
    ADD CONSTRAINT django_content_type_app_label_model_76bd3d3b_uniq UNIQUE (app_label, model);


--
-- Name: django_content_type django_content_type_pkey; Type: CONSTRAINT; Schema: public; Owner: admin2
--

ALTER TABLE ONLY public.django_content_type
    ADD CONSTRAINT django_content_type_pkey PRIMARY KEY (id);


--
-- Name: django_migrations django_migrations_pkey; Type: CONSTRAINT; Schema: public; Owner: admin2
--

ALTER TABLE ONLY public.django_migrations
    ADD CONSTRAINT django_migrations_pkey PRIMARY KEY (id);


--
-- Name: django_session django_session_pkey; Type: CONSTRAINT; Schema: public; Owner: admin2
--

ALTER TABLE ONLY public.django_session
    ADD CONSTRAINT django_session_pkey PRIMARY KEY (session_key);


--
-- Name: notifications_notification notifications_notification_pkey; Type: CONSTRAINT; Schema: public; Owner: admin2
--

ALTER TABLE ONLY public.notifications_notification
    ADD CONSTRAINT notifications_notification_pkey PRIMARY KEY (id);


--
-- Name: orders_order orders_order_pkey; Type: CONSTRAINT; Schema: public; Owner: admin2
--

ALTER TABLE ONLY public.orders_order
    ADD CONSTRAINT orders_order_pkey PRIMARY KEY (id);


--
-- Name: orders_orderitem orders_orderitem_pkey; Type: CONSTRAINT; Schema: public; Owner: admin2
--

ALTER TABLE ONLY public.orders_orderitem
    ADD CONSTRAINT orders_orderitem_pkey PRIMARY KEY (id);


--
-- Name: orders_payment orders_payment_order_id_key; Type: CONSTRAINT; Schema: public; Owner: admin2
--

ALTER TABLE ONLY public.orders_payment
    ADD CONSTRAINT orders_payment_order_id_key UNIQUE (order_id);


--
-- Name: orders_payment orders_payment_pkey; Type: CONSTRAINT; Schema: public; Owner: admin2
--

ALTER TABLE ONLY public.orders_payment
    ADD CONSTRAINT orders_payment_pkey PRIMARY KEY (id);


--
-- Name: orders_payment orders_payment_transaction_id_key; Type: CONSTRAINT; Schema: public; Owner: admin2
--

ALTER TABLE ONLY public.orders_payment
    ADD CONSTRAINT orders_payment_transaction_id_key UNIQUE (transaction_id);


--
-- Name: products_product products_product_pkey; Type: CONSTRAINT; Schema: public; Owner: admin2
--

ALTER TABLE ONLY public.products_product
    ADD CONSTRAINT products_product_pkey PRIMARY KEY (id);


--
-- Name: users_user_groups users_user_groups_pkey; Type: CONSTRAINT; Schema: public; Owner: admin2
--

ALTER TABLE ONLY public.users_user_groups
    ADD CONSTRAINT users_user_groups_pkey PRIMARY KEY (id);


--
-- Name: users_user_groups users_user_groups_user_id_group_id_b88eab82_uniq; Type: CONSTRAINT; Schema: public; Owner: admin2
--

ALTER TABLE ONLY public.users_user_groups
    ADD CONSTRAINT users_user_groups_user_id_group_id_b88eab82_uniq UNIQUE (user_id, group_id);


--
-- Name: users_user users_user_phone_number_key; Type: CONSTRAINT; Schema: public; Owner: admin2
--

ALTER TABLE ONLY public.users_user
    ADD CONSTRAINT users_user_phone_number_key UNIQUE (phone_number);


--
-- Name: users_user users_user_pkey; Type: CONSTRAINT; Schema: public; Owner: admin2
--

ALTER TABLE ONLY public.users_user
    ADD CONSTRAINT users_user_pkey PRIMARY KEY (id);


--
-- Name: users_user_user_permissions users_user_user_permissions_pkey; Type: CONSTRAINT; Schema: public; Owner: admin2
--

ALTER TABLE ONLY public.users_user_user_permissions
    ADD CONSTRAINT users_user_user_permissions_pkey PRIMARY KEY (id);


--
-- Name: users_user_user_permissions users_user_user_permissions_user_id_permission_id_43338c45_uniq; Type: CONSTRAINT; Schema: public; Owner: admin2
--

ALTER TABLE ONLY public.users_user_user_permissions
    ADD CONSTRAINT users_user_user_permissions_user_id_permission_id_43338c45_uniq UNIQUE (user_id, permission_id);


--
-- Name: users_user users_user_username_key; Type: CONSTRAINT; Schema: public; Owner: admin2
--

ALTER TABLE ONLY public.users_user
    ADD CONSTRAINT users_user_username_key UNIQUE (username);


--
-- Name: auth_group_name_a6ea08ec_like; Type: INDEX; Schema: public; Owner: admin2
--

CREATE INDEX auth_group_name_a6ea08ec_like ON public.auth_group USING btree (name varchar_pattern_ops);


--
-- Name: auth_group_permissions_group_id_b120cbf9; Type: INDEX; Schema: public; Owner: admin2
--

CREATE INDEX auth_group_permissions_group_id_b120cbf9 ON public.auth_group_permissions USING btree (group_id);


--
-- Name: auth_group_permissions_permission_id_84c5c92e; Type: INDEX; Schema: public; Owner: admin2
--

CREATE INDEX auth_group_permissions_permission_id_84c5c92e ON public.auth_group_permissions USING btree (permission_id);


--
-- Name: auth_permission_content_type_id_2f476e4b; Type: INDEX; Schema: public; Owner: admin2
--

CREATE INDEX auth_permission_content_type_id_2f476e4b ON public.auth_permission USING btree (content_type_id);


--
-- Name: auth_user_groups_group_id_97559544; Type: INDEX; Schema: public; Owner: admin2
--

CREATE INDEX auth_user_groups_group_id_97559544 ON public.auth_user_groups USING btree (group_id);


--
-- Name: auth_user_groups_user_id_6a12ed8b; Type: INDEX; Schema: public; Owner: admin2
--

CREATE INDEX auth_user_groups_user_id_6a12ed8b ON public.auth_user_groups USING btree (user_id);


--
-- Name: auth_user_user_permissions_permission_id_1fbb5f2c; Type: INDEX; Schema: public; Owner: admin2
--

CREATE INDEX auth_user_user_permissions_permission_id_1fbb5f2c ON public.auth_user_user_permissions USING btree (permission_id);


--
-- Name: auth_user_user_permissions_user_id_a95ead1b; Type: INDEX; Schema: public; Owner: admin2
--

CREATE INDEX auth_user_user_permissions_user_id_a95ead1b ON public.auth_user_user_permissions USING btree (user_id);


--
-- Name: auth_user_username_6821ab7c_like; Type: INDEX; Schema: public; Owner: admin2
--

CREATE INDEX auth_user_username_6821ab7c_like ON public.auth_user USING btree (username varchar_pattern_ops);


--
-- Name: authtoken_token_key_10f0b77e_like; Type: INDEX; Schema: public; Owner: admin2
--

CREATE INDEX authtoken_token_key_10f0b77e_like ON public.authtoken_token USING btree (key varchar_pattern_ops);


--
-- Name: django_admin_log_content_type_id_c4bce8eb; Type: INDEX; Schema: public; Owner: admin2
--

CREATE INDEX django_admin_log_content_type_id_c4bce8eb ON public.django_admin_log USING btree (content_type_id);


--
-- Name: django_admin_log_user_id_c564eba6; Type: INDEX; Schema: public; Owner: admin2
--

CREATE INDEX django_admin_log_user_id_c564eba6 ON public.django_admin_log USING btree (user_id);


--
-- Name: django_session_expire_date_a5c62663; Type: INDEX; Schema: public; Owner: admin2
--

CREATE INDEX django_session_expire_date_a5c62663 ON public.django_session USING btree (expire_date);


--
-- Name: django_session_session_key_c0390e0f_like; Type: INDEX; Schema: public; Owner: admin2
--

CREATE INDEX django_session_session_key_c0390e0f_like ON public.django_session USING btree (session_key varchar_pattern_ops);


--
-- Name: notifications_notification_user_id_b5e8c0ff; Type: INDEX; Schema: public; Owner: admin2
--

CREATE INDEX notifications_notification_user_id_b5e8c0ff ON public.notifications_notification USING btree (user_id);


--
-- Name: orders_order_customer_id_0b76f6a4; Type: INDEX; Schema: public; Owner: admin2
--

CREATE INDEX orders_order_customer_id_0b76f6a4 ON public.orders_order USING btree (customer_id);


--
-- Name: orders_orderitem_order_id_fe61a34d; Type: INDEX; Schema: public; Owner: admin2
--

CREATE INDEX orders_orderitem_order_id_fe61a34d ON public.orders_orderitem USING btree (order_id);


--
-- Name: orders_orderitem_product_id_afe4254a; Type: INDEX; Schema: public; Owner: admin2
--

CREATE INDEX orders_orderitem_product_id_afe4254a ON public.orders_orderitem USING btree (product_id);


--
-- Name: orders_payment_transaction_id_cab9f919_like; Type: INDEX; Schema: public; Owner: admin2
--

CREATE INDEX orders_payment_transaction_id_cab9f919_like ON public.orders_payment USING btree (transaction_id varchar_pattern_ops);


--
-- Name: products_product_artist_id_090b42fc; Type: INDEX; Schema: public; Owner: admin2
--

CREATE INDEX products_product_artist_id_090b42fc ON public.products_product USING btree (artist_id);


--
-- Name: products_product_name_fa23bcd2; Type: INDEX; Schema: public; Owner: admin2
--

CREATE INDEX products_product_name_fa23bcd2 ON public.products_product USING btree (name);


--
-- Name: products_product_name_fa23bcd2_like; Type: INDEX; Schema: public; Owner: admin2
--

CREATE INDEX products_product_name_fa23bcd2_like ON public.products_product USING btree (name varchar_pattern_ops);


--
-- Name: products_product_price_9b2ae7ca; Type: INDEX; Schema: public; Owner: admin2
--

CREATE INDEX products_product_price_9b2ae7ca ON public.products_product USING btree (price);


--
-- Name: users_user_groups_group_id_9afc8d0e; Type: INDEX; Schema: public; Owner: admin2
--

CREATE INDEX users_user_groups_group_id_9afc8d0e ON public.users_user_groups USING btree (group_id);


--
-- Name: users_user_groups_user_id_5f6f5a90; Type: INDEX; Schema: public; Owner: admin2
--

CREATE INDEX users_user_groups_user_id_5f6f5a90 ON public.users_user_groups USING btree (user_id);


--
-- Name: users_user_phone_number_aff54ffd_like; Type: INDEX; Schema: public; Owner: admin2
--

CREATE INDEX users_user_phone_number_aff54ffd_like ON public.users_user USING btree (phone_number varchar_pattern_ops);


--
-- Name: users_user_user_permissions_permission_id_0b93982e; Type: INDEX; Schema: public; Owner: admin2
--

CREATE INDEX users_user_user_permissions_permission_id_0b93982e ON public.users_user_user_permissions USING btree (permission_id);


--
-- Name: users_user_user_permissions_user_id_20aca447; Type: INDEX; Schema: public; Owner: admin2
--

CREATE INDEX users_user_user_permissions_user_id_20aca447 ON public.users_user_user_permissions USING btree (user_id);


--
-- Name: users_user_username_06e46fe6_like; Type: INDEX; Schema: public; Owner: admin2
--

CREATE INDEX users_user_username_06e46fe6_like ON public.users_user USING btree (username varchar_pattern_ops);


--
-- Name: auth_group_permissions auth_group_permissio_permission_id_84c5c92e_fk_auth_perm; Type: FK CONSTRAINT; Schema: public; Owner: admin2
--

ALTER TABLE ONLY public.auth_group_permissions
    ADD CONSTRAINT auth_group_permissio_permission_id_84c5c92e_fk_auth_perm FOREIGN KEY (permission_id) REFERENCES public.auth_permission(id) DEFERRABLE INITIALLY DEFERRED;


--
-- Name: auth_group_permissions auth_group_permissions_group_id_b120cbf9_fk_auth_group_id; Type: FK CONSTRAINT; Schema: public; Owner: admin2
--

ALTER TABLE ONLY public.auth_group_permissions
    ADD CONSTRAINT auth_group_permissions_group_id_b120cbf9_fk_auth_group_id FOREIGN KEY (group_id) REFERENCES public.auth_group(id) DEFERRABLE INITIALLY DEFERRED;


--
-- Name: auth_permission auth_permission_content_type_id_2f476e4b_fk_django_co; Type: FK CONSTRAINT; Schema: public; Owner: admin2
--

ALTER TABLE ONLY public.auth_permission
    ADD CONSTRAINT auth_permission_content_type_id_2f476e4b_fk_django_co FOREIGN KEY (content_type_id) REFERENCES public.django_content_type(id) DEFERRABLE INITIALLY DEFERRED;


--
-- Name: auth_user_groups auth_user_groups_group_id_97559544_fk_auth_group_id; Type: FK CONSTRAINT; Schema: public; Owner: admin2
--

ALTER TABLE ONLY public.auth_user_groups
    ADD CONSTRAINT auth_user_groups_group_id_97559544_fk_auth_group_id FOREIGN KEY (group_id) REFERENCES public.auth_group(id) DEFERRABLE INITIALLY DEFERRED;


--
-- Name: auth_user_groups auth_user_groups_user_id_6a12ed8b_fk_auth_user_id; Type: FK CONSTRAINT; Schema: public; Owner: admin2
--

ALTER TABLE ONLY public.auth_user_groups
    ADD CONSTRAINT auth_user_groups_user_id_6a12ed8b_fk_auth_user_id FOREIGN KEY (user_id) REFERENCES public.auth_user(id) DEFERRABLE INITIALLY DEFERRED;


--
-- Name: auth_user_user_permissions auth_user_user_permi_permission_id_1fbb5f2c_fk_auth_perm; Type: FK CONSTRAINT; Schema: public; Owner: admin2
--

ALTER TABLE ONLY public.auth_user_user_permissions
    ADD CONSTRAINT auth_user_user_permi_permission_id_1fbb5f2c_fk_auth_perm FOREIGN KEY (permission_id) REFERENCES public.auth_permission(id) DEFERRABLE INITIALLY DEFERRED;


--
-- Name: auth_user_user_permissions auth_user_user_permissions_user_id_a95ead1b_fk_auth_user_id; Type: FK CONSTRAINT; Schema: public; Owner: admin2
--

ALTER TABLE ONLY public.auth_user_user_permissions
    ADD CONSTRAINT auth_user_user_permissions_user_id_a95ead1b_fk_auth_user_id FOREIGN KEY (user_id) REFERENCES public.auth_user(id) DEFERRABLE INITIALLY DEFERRED;


--
-- Name: authtoken_token authtoken_token_user_id_35299eff_fk_users_user_id; Type: FK CONSTRAINT; Schema: public; Owner: admin2
--

ALTER TABLE ONLY public.authtoken_token
    ADD CONSTRAINT authtoken_token_user_id_35299eff_fk_users_user_id FOREIGN KEY (user_id) REFERENCES public.users_user(id) DEFERRABLE INITIALLY DEFERRED;


--
-- Name: django_admin_log django_admin_log_content_type_id_c4bce8eb_fk_django_co; Type: FK CONSTRAINT; Schema: public; Owner: admin2
--

ALTER TABLE ONLY public.django_admin_log
    ADD CONSTRAINT django_admin_log_content_type_id_c4bce8eb_fk_django_co FOREIGN KEY (content_type_id) REFERENCES public.django_content_type(id) DEFERRABLE INITIALLY DEFERRED;


--
-- Name: django_admin_log django_admin_log_user_id_c564eba6_fk_users_user_id; Type: FK CONSTRAINT; Schema: public; Owner: admin2
--

ALTER TABLE ONLY public.django_admin_log
    ADD CONSTRAINT django_admin_log_user_id_c564eba6_fk_users_user_id FOREIGN KEY (user_id) REFERENCES public.users_user(id) DEFERRABLE INITIALLY DEFERRED;


--
-- Name: notifications_notification notifications_notification_user_id_b5e8c0ff_fk_users_user_id; Type: FK CONSTRAINT; Schema: public; Owner: admin2
--

ALTER TABLE ONLY public.notifications_notification
    ADD CONSTRAINT notifications_notification_user_id_b5e8c0ff_fk_users_user_id FOREIGN KEY (user_id) REFERENCES public.users_user(id) DEFERRABLE INITIALLY DEFERRED;


--
-- Name: orders_order orders_order_customer_id_0b76f6a4_fk_users_user_id; Type: FK CONSTRAINT; Schema: public; Owner: admin2
--

ALTER TABLE ONLY public.orders_order
    ADD CONSTRAINT orders_order_customer_id_0b76f6a4_fk_users_user_id FOREIGN KEY (customer_id) REFERENCES public.users_user(id) DEFERRABLE INITIALLY DEFERRED;


--
-- Name: orders_orderitem orders_orderitem_order_id_fe61a34d_fk_orders_order_id; Type: FK CONSTRAINT; Schema: public; Owner: admin2
--

ALTER TABLE ONLY public.orders_orderitem
    ADD CONSTRAINT orders_orderitem_order_id_fe61a34d_fk_orders_order_id FOREIGN KEY (order_id) REFERENCES public.orders_order(id) DEFERRABLE INITIALLY DEFERRED;


--
-- Name: orders_orderitem orders_orderitem_product_id_afe4254a_fk_products_product_id; Type: FK CONSTRAINT; Schema: public; Owner: admin2
--

ALTER TABLE ONLY public.orders_orderitem
    ADD CONSTRAINT orders_orderitem_product_id_afe4254a_fk_products_product_id FOREIGN KEY (product_id) REFERENCES public.products_product(id) DEFERRABLE INITIALLY DEFERRED;


--
-- Name: orders_payment orders_payment_order_id_bdccf250_fk_orders_order_id; Type: FK CONSTRAINT; Schema: public; Owner: admin2
--

ALTER TABLE ONLY public.orders_payment
    ADD CONSTRAINT orders_payment_order_id_bdccf250_fk_orders_order_id FOREIGN KEY (order_id) REFERENCES public.orders_order(id) DEFERRABLE INITIALLY DEFERRED;


--
-- Name: products_product products_product_artist_id_090b42fc_fk_users_user_id; Type: FK CONSTRAINT; Schema: public; Owner: admin2
--

ALTER TABLE ONLY public.products_product
    ADD CONSTRAINT products_product_artist_id_090b42fc_fk_users_user_id FOREIGN KEY (artist_id) REFERENCES public.users_user(id) DEFERRABLE INITIALLY DEFERRED;


--
-- Name: users_user_groups users_user_groups_group_id_9afc8d0e_fk_auth_group_id; Type: FK CONSTRAINT; Schema: public; Owner: admin2
--

ALTER TABLE ONLY public.users_user_groups
    ADD CONSTRAINT users_user_groups_group_id_9afc8d0e_fk_auth_group_id FOREIGN KEY (group_id) REFERENCES public.auth_group(id) DEFERRABLE INITIALLY DEFERRED;


--
-- Name: users_user_groups users_user_groups_user_id_5f6f5a90_fk_users_user_id; Type: FK CONSTRAINT; Schema: public; Owner: admin2
--

ALTER TABLE ONLY public.users_user_groups
    ADD CONSTRAINT users_user_groups_user_id_5f6f5a90_fk_users_user_id FOREIGN KEY (user_id) REFERENCES public.users_user(id) DEFERRABLE INITIALLY DEFERRED;


--
-- Name: users_user_user_permissions users_user_user_perm_permission_id_0b93982e_fk_auth_perm; Type: FK CONSTRAINT; Schema: public; Owner: admin2
--

ALTER TABLE ONLY public.users_user_user_permissions
    ADD CONSTRAINT users_user_user_perm_permission_id_0b93982e_fk_auth_perm FOREIGN KEY (permission_id) REFERENCES public.auth_permission(id) DEFERRABLE INITIALLY DEFERRED;


--
-- Name: users_user_user_permissions users_user_user_permissions_user_id_20aca447_fk_users_user_id; Type: FK CONSTRAINT; Schema: public; Owner: admin2
--

ALTER TABLE ONLY public.users_user_user_permissions
    ADD CONSTRAINT users_user_user_permissions_user_id_20aca447_fk_users_user_id FOREIGN KEY (user_id) REFERENCES public.users_user(id) DEFERRABLE INITIALLY DEFERRED;


--
-- PostgreSQL database dump complete
--

